locus_id,locus_name,locus_type,token,building,floor,zone,scale,dwell_category,sward_ids,sward_count,function,hazard_level,hazard_grade,tags,description,congestion_prone,sector_id,gateway_no,gateway_name,building_no,floor_no,location_x,location_y,locus_version
GW-351,154kv_RF_입구,WORK_AREA,gate,154kV,RF,,POINT,SHORT_STAY,GW-351,1,WORK,medium,2.0,,,False,Y1_SKHynix,351,154kv_RF_입구,9.0,28.0,36.0,137.0,v2
GW-352,154kv_2F_X06Y02,WORK_AREA,work_area,154kV,2F,,POINT,SHORT_STAY,GW-352,1,WORK,medium,2.0,,,False,Y1_SKHynix,352,154kv_2F_X06Y02,9.0,27.0,9.0,57.0,v2
GW-241,154kv_작업장입구,WORK_AREA,gate,154kV,1F,,POINT,SHORT_STAY,GW-241,1,WORK,medium,2.0,,,False,Y1_SKHynix,241,154kv_작업장입구,9.0,19.0,19.0,2.0,v2
GW-357,154kv_2F_X17Y02,WORK_AREA,work_area,154kV,2F,,POINT,SHORT_STAY,GW-357,1,WORK,medium,2.0,,,False,Y1_SKHynix,357,154kv_2F_X17Y02,9.0,27.0,29.0,59.0,v2
GW-177,154kv_1F_X10Y03,WORK_AREA,work_area,154kV,1F,,POINT,SHORT_STAY,GW-177,1,WORK,medium,2.0,,,False,Y1_SKHynix,177,154kv_1F_X10Y03,9.0,19.0,17.0,130.0,v2
GW-172,154kv_1F_X17Y03,WORK_AREA,work_area,154kV,1F,,POINT,SHORT_STAY,GW-172,1,WORK,medium,2.0,,,False,Y1_SKHynix,172,154kv_1F_X17Y03,9.0,19.0,29.5,131.0,v2
GW-354,154kv_2F_X10Y02,WORK_AREA,work_area,154kV,2F,,POINT,SHORT_STAY,GW-354,1,WORK,medium,2.0,,,False,Y1_SKHynix,354,154kv_2F_X10Y02,9.0,27.0,17.0,58.0,v2
GW-173,154kv_1F_X06Y02,WORK_AREA,work_area,154kV,1F,,POINT,SHORT_STAY,GW-173,1,WORK,medium,2.0,,,False,Y1_SKHynix,173,154kv_1F_X06Y02,9.0,19.0,8.5,60.0,v2
GW-201,cub_B1F_X05Y08,WORK_AREA,work_area,CUB,B1F,,POINT,SHORT_STAY,GW-201,1,WORK,medium,2.0,,,False,Y1_SKHynix,201,cub_B1F_X05Y08,3.0,6.0,50.0,65.0,v2
GW-214,cub_B1F_X13Y04,WORK_AREA,work_area,CUB,B1F,,POINT,SHORT_STAY,GW-214,1,WORK,medium,2.0,,,False,Y1_SKHynix,214,cub_B1F_X13Y04,3.0,6.0,143.0,28.0,v2
GW-253,cub_호이스트_1-0,WORK_AREA,work_area,CUB,1F,,POINT,SHORT_STAY,GW-253,1,WORK,medium,2.0,,,False,Y1_SKHynix,253,cub_호이스트_1-0,3.0,5.0,2.0,86.0,v2
GW-204,cub_1F_X17Y06,WORK_AREA,work_area,CUB,1F,,POINT,SHORT_STAY,GW-204,1,WORK,medium,2.0,,,False,Y1_SKHynix,204,cub_1F_X17Y06,3.0,5.0,191.0,51.0,v2
GW-197,cub_1F_X13Y09,WORK_AREA,work_area,CUB,1F,,POINT,SHORT_STAY,GW-197,1,WORK,medium,2.0,,,False,Y1_SKHynix,197,cub_1F_X13Y09,3.0,5.0,142.0,79.0,v2
GW-205,cub_1F_X03Y07_망실,WORK_AREA,work_area,CUB,1F,,POINT,SHORT_STAY,GW-205,1,WORK,medium,2.0,,,False,Y1_SKHynix,205,cub_1F_X03Y07_망실,3.0,5.0,24.0,61.0,v2
GW-211,cub_1F_X09Y06,WORK_AREA,work_area,CUB,1F,,POINT,SHORT_STAY,GW-211,1,WORK,medium,2.0,,,False,Y1_SKHynix,211,cub_1F_X09Y06,3.0,5.0,95.0,52.0,v2
GW-200,cub_B1F_X01Y05,WORK_AREA,work_area,CUB,B1F,,POINT,SHORT_STAY,GW-200,1,WORK,medium,2.0,,,False,Y1_SKHynix,200,cub_B1F_X01Y05,3.0,6.0,2.0,37.0,v2
GW-207,cub_B1F_X06Y05,WORK_AREA,work_area,CUB,B1F,,POINT,SHORT_STAY,GW-207,1,WORK,medium,2.0,,,False,Y1_SKHynix,207,cub_B1F_X06Y05,3.0,6.0,61.0,39.0,v2
GW-210,cub_B1F_X08Y04,WORK_AREA,work_area,CUB,B1F,,POINT,SHORT_STAY,GW-210,1,WORK,medium,2.0,,,False,Y1_SKHynix,210,cub_B1F_X08Y04,3.0,6.0,85.0,28.0,v2
GW-199,cub_1F_X05Y09,WORK_AREA,work_area,CUB,1F,,POINT,SHORT_STAY,GW-199,1,WORK,medium,2.0,,,False,Y1_SKHynix,199,cub_1F_X05Y09,3.0,5.0,48.0,79.0,v2
GW-203,cub_1F_X08Y09,WORK_AREA,work_area,CUB,1F,,POINT,SHORT_STAY,GW-203,1,WORK,medium,2.0,,,False,Y1_SKHynix,203,cub_1F_X08Y09,3.0,5.0,83.0,79.0,v2
GW-198,cub_B1F_X03Y05,WORK_AREA,work_area,CUB,B1F,,POINT,SHORT_STAY,GW-198,1,WORK,medium,2.0,,,False,Y1_SKHynix,198,cub_B1F_X03Y05,3.0,6.0,28.0,38.0,v2
GW-202,cub_1F_X13Y07_망실,WORK_AREA,work_area,CUB,1F,,POINT,SHORT_STAY,GW-202,1,WORK,medium,2.0,,,False,Y1_SKHynix,202,cub_1F_X13Y07_망실,3.0,5.0,142.0,60.0,v2
GW-206,cub_1F_X17Y09,WORK_AREA,work_area,CUB,1F,,POINT,SHORT_STAY,GW-206,1,WORK,medium,2.0,,,False,Y1_SKHynix,206,cub_1F_X17Y09,3.0,5.0,190.0,78.0,v2
GW-208,cub_1F_X21Y09,WORK_AREA,work_area,CUB,1F,,POINT,SHORT_STAY,GW-208,1,WORK,medium,2.0,,,False,Y1_SKHynix,208,cub_1F_X21Y09,3.0,5.0,237.0,78.0,v2
GW-209,cub_1F_X20Y06,WORK_AREA,work_area,CUB,1F,,POINT,SHORT_STAY,GW-209,1,WORK,medium,2.0,,,False,Y1_SKHynix,209,cub_1F_X20Y06,3.0,5.0,228.0,52.0,v2
GW-213,fab_1F_X16Y15_휴게실_F03_1층2번_망실,REST_AREA,work_area,FAB,1F,,POINT,SHORT_STAY,GW-213,1,REST,medium,2.0,,,False,Y1_SKHynix,213,fab_1F_X16Y15_휴게실_F03_1층2번_망실,2.0,4.0,180.0,167.0,v2
GW-289,fab_4F_X20Y05,WORK_AREA,work_area,FAB,4F,,POINT,SHORT_STAY,GW-289,1,WORK,medium,2.0,,,False,Y1_SKHynix,289,fab_4F_X20Y05,2.0,7.0,228.0,37.0,v2
GW-349,fab_5F_X15Y09,WORK_AREA,work_area,FAB,5F,,POINT,SHORT_STAY,GW-349,1,WORK,medium,2.0,,,False,Y1_SKHynix,349,fab_5F_X15Y09,2.0,22.0,168.0,97.0,v2
GW-338,fab_6F_X14Y02,WORK_AREA,work_area,FAB,6F,,POINT,SHORT_STAY,GW-338,1,WORK,medium,2.0,,,False,Y1_SKHynix,338,fab_6F_X14Y02,2.0,23.0,156.0,7.0,v2
GW-301,fab_1F_X15Y06,WORK_AREA,work_area,FAB,1F,,POINT,SHORT_STAY,GW-301,1,WORK,medium,2.0,,,False,Y1_SKHynix,301,fab_1F_X15Y06,2.0,4.0,169.0,51.0,v2
GW-317,fab_3F_X16Y14,WORK_AREA,work_area,FAB,3F,,POINT,SHORT_STAY,GW-317,1,WORK,medium,2.0,,,False,Y1_SKHynix,317,fab_3F_X16Y14,2.0,21.0,181.0,162.0,v2
GW-272,fab_1F_X11Y12,WORK_AREA,work_area,FAB,1F,,POINT,SHORT_STAY,GW-272,1,WORK,medium,2.0,,,False,Y1_SKHynix,272,fab_1F_X11Y12,2.0,4.0,122.0,140.0,v2
GW-339,fab_5F_X22Y06,WORK_AREA,work_area,FAB,5F,,POINT,SHORT_STAY,GW-339,1,WORK,medium,2.0,,,False,Y1_SKHynix,339,fab_5F_X22Y06,2.0,22.0,251.0,52.0,v2
GW-273,fab_1F_X03Y09,WORK_AREA,work_area,FAB,1F,,POINT,SHORT_STAY,GW-273,1,WORK,medium,2.0,,,False,Y1_SKHynix,273,fab_1F_X03Y09,2.0,4.0,27.0,97.0,v2
GW-297,fab_4F_X14Y10,WORK_AREA,work_area,FAB,4F,,POINT,SHORT_STAY,GW-297,1,WORK,medium,2.0,,,False,Y1_SKHynix,297,fab_4F_X14Y10,2.0,7.0,157.0,112.0,v2
GW-346,fab_3F_X29Y07_호이스트,WORK_AREA,work_area,FAB,3F,,POINT,SHORT_STAY,GW-346,1,WORK,medium,2.0,,,False,Y1_SKHynix,346,fab_3F_X29Y07_호이스트,2.0,21.0,330.0,66.0,v2
GW-367,fab_6F_ X29Y09_클라이머,WORK_AREA,work_area,FAB,6F,,POINT,SHORT_STAY,GW-367,1,WORK,medium,2.0,,,False,Y1_SKHynix,367,fab_6F_ X29Y09_클라이머,2.0,23.0,329.0,98.0,v2
GW-275,fab_1F_X07Y06,WORK_AREA,work_area,FAB,1F,,POINT,SHORT_STAY,GW-275,1,WORK,medium,2.0,,,False,Y1_SKHynix,275,fab_1F_X07Y06,2.0,4.0,74.0,51.0,v2
GW-333,fab_5F_X20Y12,WORK_AREA,work_area,FAB,5F,,POINT,SHORT_STAY,GW-333,1,WORK,medium,2.0,,,False,Y1_SKHynix,333,fab_5F_X20Y12,2.0,22.0,228.0,141.0,v2
GW-359,fab_3F_ X29Y09_클라이머,WORK_AREA,work_area,FAB,3F,,POINT,SHORT_STAY,GW-359,1,WORK,medium,2.0,,,False,Y1_SKHynix,359,fab_3F_ X29Y09_클라이머,2.0,21.0,330.0,97.0,v2
GW-306,fab_1F_X20Y09,WORK_AREA,work_area,FAB,1F,,POINT,SHORT_STAY,GW-306,1,WORK,medium,2.0,,,False,Y1_SKHynix,306,fab_1F_X20Y09,2.0,4.0,227.0,97.0,v2
GW-185,fab_1F_X24Y06,WORK_AREA,work_area,FAB,1F,,POINT,SHORT_STAY,GW-185,1,WORK,medium,2.0,,,False,Y1_SKHynix,185,fab_1F_X24Y06,2.0,4.0,276.0,54.0,v2
GW-192,fab_1F_X23Y09,WORK_AREA,work_area,FAB,1F,,POINT,SHORT_STAY,GW-192,1,WORK,medium,2.0,,,False,Y1_SKHynix,192,fab_1F_X23Y09,2.0,4.0,264.0,96.0,v2
GW-332,fab_5F_X10Y09,WORK_AREA,work_area,FAB,5F,,POINT,SHORT_STAY,GW-332,1,WORK,medium,2.0,,,False,Y1_SKHynix,332,fab_5F_X10Y09,2.0,22.0,108.0,97.0,v2
GW-189,fab_1F_X19Y06,WORK_AREA,work_area,FAB,1F,,POINT,SHORT_STAY,GW-189,1,WORK,medium,2.0,,,False,Y1_SKHynix,189,fab_1F_X19Y06,2.0,4.0,216.0,55.0,v2
GW-334,fab_5F_X23Y12,WORK_AREA,work_area,FAB,5F,,POINT,SHORT_STAY,GW-334,1,WORK,medium,2.0,,,False,Y1_SKHynix,334,fab_5F_X23Y12,2.0,22.0,263.0,141.0,v2
GW-298,fab_4F_X23Y13,WORK_AREA,work_area,FAB,4F,,POINT,SHORT_STAY,GW-298,1,WORK,medium,2.0,,,False,Y1_SKHynix,298,fab_4F_X23Y13,2.0,7.0,275.0,155.0,v2
GW-291,fab_1F_X06Y08,WORK_AREA,work_area,FAB,1F,,POINT,SHORT_STAY,GW-291,1,WORK,medium,2.0,,,False,Y1_SKHynix,291,fab_1F_X06Y08,2.0,4.0,62.0,84.0,v2
GW-300,fab_4F_X17Y07,WORK_AREA,work_area,FAB,4F,,POINT,SHORT_STAY,GW-300,1,WORK,medium,2.0,,,False,Y1_SKHynix,300,fab_4F_X17Y07,2.0,7.0,193.0,66.0,v2
GW-287,fab_1F_X10Y06,WORK_AREA,work_area,FAB,1F,,POINT,SHORT_STAY,GW-287,1,WORK,medium,2.0,,,False,Y1_SKHynix,287,fab_1F_X10Y06,2.0,4.0,109.0,53.0,v2
GW-331,fab_5F_X15Y06,WORK_AREA,work_area,FAB,5F,,POINT,SHORT_STAY,GW-331,1,WORK,medium,2.0,,,False,Y1_SKHynix,331,fab_5F_X15Y06,2.0,22.0,169.0,52.0,v2
GW-325,fab_5F_X26Y05,WORK_AREA,work_area,FAB,5F,,POINT,SHORT_STAY,GW-325,1,WORK,medium,2.0,,,False,Y1_SKHynix,325,fab_5F_X26Y05,2.0,22.0,299.0,37.0,v2
GW-193,fab_1F_X20Y12,WORK_AREA,work_area,FAB,1F,,POINT,SHORT_STAY,GW-193,1,WORK,medium,2.0,,,False,Y1_SKHynix,193,fab_1F_X20Y12,2.0,4.0,228.0,143.0,v2
GW-295,fab_1F_X03Y06,WORK_AREA,work_area,FAB,1F,,POINT,SHORT_STAY,GW-295,1,WORK,medium,2.0,,,False,Y1_SKHynix,295,fab_1F_X03Y06,2.0,4.0,27.0,51.0,v2
GW-312,fab_3F_X11Y03,WORK_AREA,work_area,FAB,3F,,POINT,SHORT_STAY,GW-312,1,WORK,medium,2.0,,,False,Y1_SKHynix,312,fab_3F_X11Y03,2.0,21.0,119.0,21.0,v2
GW-329,fab_2F_X07Y16_망실,WORK_AREA,work_area,FAB,2F,,POINT,SHORT_STAY,GW-329,1,WORK,medium,2.0,,,False,Y1_SKHynix,329,fab_2F_X07Y16_망실,2.0,20.0,71.0,179.0,v2
GW-186,fab_1F_X28Y12,WORK_AREA,work_area,FAB,1F,,POINT,SHORT_STAY,GW-186,1,WORK,medium,2.0,,,False,Y1_SKHynix,186,fab_1F_X28Y12,2.0,4.0,323.0,143.0,v2
GW-288,fab_4F_X20Y09,WORK_AREA,work_area,FAB,4F,,POINT,SHORT_STAY,GW-288,1,WORK,medium,2.0,,,False,Y1_SKHynix,288,fab_4F_X20Y09,2.0,7.0,229.0,95.0,v2
GW-340,fab_2F_X29Y07_호이스트,WORK_AREA,work_area,FAB,2F,,POINT,SHORT_STAY,GW-340,1,WORK,medium,2.0,,,False,Y1_SKHynix,340,fab_2F_X29Y07_호이스트,2.0,20.0,330.0,66.0,v2
GW-323,fab_2F_X25Y03,WORK_AREA,work_area,FAB,2F,,POINT,SHORT_STAY,GW-323,1,WORK,medium,2.0,,,False,Y1_SKHynix,323,fab_2F_X25Y03,2.0,20.0,287.0,23.0,v2
GW-321,fab_2F_X27Y16,WORK_AREA,work_area,FAB,2F,,POINT,SHORT_STAY,GW-321,1,WORK,medium,2.0,,,False,Y1_SKHynix,321,fab_2F_X27Y16,2.0,20.0,310.0,181.0,v2
GW-343,fab_5F_X11Y12,WORK_AREA,work_area,FAB,5F,,POINT,SHORT_STAY,GW-343,1,WORK,medium,2.0,,,False,Y1_SKHynix,343,fab_5F_X11Y12,2.0,22.0,121.0,141.0,v2
GW-361,fab_4F_ X29Y09_클라이머,WORK_AREA,work_area,FAB,4F,,POINT,SHORT_STAY,GW-361,1,WORK,medium,2.0,,,False,Y1_SKHynix,361,fab_4F_ X29Y09_클라이머,2.0,7.0,330.0,97.0,v2
GW-320,fab_5F_X27Y12,WORK_AREA,work_area,FAB,5F,,POINT,SHORT_STAY,GW-320,1,WORK,medium,2.0,,,False,Y1_SKHynix,320,fab_5F_X27Y12,2.0,22.0,311.0,141.0,v2
GW-191,fab_1F_X15Y12,WORK_AREA,work_area,FAB,1F,,POINT,SHORT_STAY,GW-191,1,WORK,medium,2.0,,,False,Y1_SKHynix,191,fab_1F_X15Y12,2.0,4.0,169.0,140.0,v2
GW-187,fab_1F_X24Y12,WORK_AREA,work_area,FAB,1F,,POINT,SHORT_STAY,GW-187,1,WORK,medium,2.0,,,False,Y1_SKHynix,187,fab_1F_X24Y12,2.0,4.0,274.0,141.0,v2
GW-336,fab_6F_X10Y15,WORK_AREA,work_area,FAB,6F,,POINT,SHORT_STAY,GW-336,1,WORK,medium,2.0,,,False,Y1_SKHynix,336,fab_6F_X10Y15,2.0,23.0,108.0,172.0,v2
GW-234,fab_1F_X08Y09_휴게실_F02_1층1번,REST_AREA,work_area,FAB,1F,,POINT,SHORT_STAY,GW-234,1,REST,medium,2.0,,,False,Y1_SKHynix,234,fab_1F_X08Y09_휴게실_F02_1층1번,2.0,4.0,79.0,95.0,v2
GW-299,fab_4F_X26Y10,WORK_AREA,work_area,FAB,4F,,POINT,SHORT_STAY,GW-299,1,WORK,medium,2.0,,,False,Y1_SKHynix,299,fab_4F_X26Y10,2.0,7.0,311.0,112.0,v2
GW-286,fab_1F_X10Y09,WORK_AREA,work_area,FAB,1F,,POINT,SHORT_STAY,GW-286,1,WORK,medium,2.0,,,False,Y1_SKHynix,286,fab_1F_X10Y09,2.0,4.0,110.0,96.0,v2
GW-292,fab_1F_X03Y12,WORK_AREA,work_area,FAB,1F,,POINT,SHORT_STAY,GW-292,1,WORK,medium,2.0,,,False,Y1_SKHynix,292,fab_1F_X03Y12,2.0,4.0,27.0,139.0,v2
GW-368,fab_7F_ X29Y07_호이스트_철거,WORK_AREA,work_area,FAB,7F,,POINT,SHORT_STAY,GW-368,1,WORK,medium,2.0,,,False,Y1_SKHynix,368,fab_7F_ X29Y07_호이스트_철거,2.0,30.0,330.0,68.0,v2
GW-350,fab_5F_X15Y12,WORK_AREA,work_area,FAB,5F,,POINT,SHORT_STAY,GW-350,1,WORK,medium,2.0,,,False,Y1_SKHynix,350,fab_5F_X15Y12,2.0,22.0,168.0,141.0,v2
GW-366,fab_5F_ X29Y09_클라이머,WORK_AREA,work_area,FAB,5F,,POINT,SHORT_STAY,GW-366,1,WORK,medium,2.0,,,False,Y1_SKHynix,366,fab_5F_ X29Y09_클라이머,2.0,22.0,330.0,96.0,v2
GW-342,fab_5F_X20Y09,WORK_AREA,work_area,FAB,5F,,POINT,SHORT_STAY,GW-342,1,WORK,medium,2.0,,,False,Y1_SKHynix,342,fab_5F_X20Y09,2.0,22.0,229.0,98.0,v2
GW-326,fab_2F_X19Y04,WORK_AREA,work_area,FAB,2F,,POINT,SHORT_STAY,GW-326,1,WORK,medium,2.0,,,False,Y1_SKHynix,326,fab_2F_X19Y04,2.0,20.0,217.0,31.0,v2
GW-296,fab_1F_X07Y11,WORK_AREA,work_area,FAB,1F,,POINT,SHORT_STAY,GW-296,1,WORK,medium,2.0,,,False,Y1_SKHynix,296,fab_1F_X07Y11,2.0,4.0,74.0,129.0,v2
GW-335,fab_6F_X29Y07_호이스트,WORK_AREA,work_area,FAB,6F,,POINT,SHORT_STAY,GW-335,1,WORK,medium,2.0,,,False,Y1_SKHynix,335,fab_6F_X29Y07_호이스트,2.0,23.0,330.0,68.0,v2
GW-238,fab_1F_X08Y09_휴게실_F02_1층2번,REST_AREA,work_area,FAB,1F,,POINT,SHORT_STAY,GW-238,1,REST,medium,2.0,,,False,Y1_SKHynix,238,fab_1F_X08Y09_휴게실_F02_1층2번,2.0,4.0,91.0,95.0,v2
GW-347,fab_6F_X19Y04,WORK_AREA,work_area,FAB,6F,,POINT,SHORT_STAY,GW-347,1,WORK,medium,2.0,,,False,Y1_SKHynix,347,fab_6F_X19Y04,2.0,23.0,216.0,30.0,v2
GW-319,fab_3F_X20Y14,WORK_AREA,work_area,FAB,3F,,POINT,SHORT_STAY,GW-319,1,WORK,medium,2.0,,,False,Y1_SKHynix,319,fab_3F_X20Y14,2.0,21.0,232.0,161.0,v2
GW-330,fab_3F_X06Y16,WORK_AREA,work_area,FAB,3F,,POINT,SHORT_STAY,GW-330,1,WORK,medium,2.0,,,False,Y1_SKHynix,330,fab_3F_X06Y16,2.0,21.0,54.0,182.0,v2
GW-188,fab_1F_X27Y09,WORK_AREA,work_area,FAB,1F,,POINT,SHORT_STAY,GW-188,1,WORK,medium,2.0,,,False,Y1_SKHynix,188,fab_1F_X27Y09,2.0,4.0,310.0,98.0,v2
GW-337,fab_6F_X14Y16,WORK_AREA,work_area,FAB,6F,,POINT,SHORT_STAY,GW-337,1,WORK,medium,2.0,,,False,Y1_SKHynix,337,fab_6F_X14Y16,2.0,23.0,161.0,180.0,v2
GW-341,fab_6F_X24Y14,WORK_AREA,work_area,FAB,6F,,POINT,SHORT_STAY,GW-341,1,WORK,medium,2.0,,,False,Y1_SKHynix,341,fab_6F_X24Y14,2.0,23.0,277.0,162.0,v2
GW-362,fab_2F_ X29Y09_클라이머,WORK_AREA,work_area,FAB,2F,,POINT,SHORT_STAY,GW-362,1,WORK,medium,2.0,,,False,Y1_SKHynix,362,fab_2F_ X29Y09_클라이머,2.0,20.0,329.0,95.0,v2
GW-316,fab_2F_X11Y04,WORK_AREA,work_area,FAB,2F,,POINT,SHORT_STAY,GW-316,1,WORK,medium,2.0,,,False,Y1_SKHynix,316,fab_2F_X11Y04,2.0,20.0,120.0,31.0,v2
GW-293,fab_4F_X29Y07_호이스트,WORK_AREA,work_area,FAB,4F,,POINT,SHORT_STAY,GW-293,1,WORK,medium,2.0,,,False,Y1_SKHynix,293,fab_4F_X29Y07_호이스트,2.0,7.0,328.0,67.0,v2
GW-282,fab_4F_X22Y11,WORK_AREA,work_area,FAB,4F,,POINT,SHORT_STAY,GW-282,1,WORK,medium,2.0,,,False,Y1_SKHynix,282,fab_4F_X22Y11,2.0,7.0,262.0,126.0,v2
GW-277,fab_4F_X10Y09,WORK_AREA,work_area,FAB,4F,,POINT,SHORT_STAY,GW-277,1,WORK,medium,2.0,,,False,Y1_SKHynix,277,fab_4F_X10Y09,2.0,7.0,108.0,97.0,v2
GW-328,fab_5F_X06Y13,WORK_AREA,work_area,FAB,5F,,POINT,SHORT_STAY,GW-328,1,WORK,medium,2.0,,,False,Y1_SKHynix,328,fab_5F_X06Y13,2.0,22.0,63.0,155.0,v2
GW-344,fab_6F_X25Y04,WORK_AREA,work_area,FAB,6F,,POINT,SHORT_STAY,GW-344,1,WORK,medium,2.0,,,False,Y1_SKHynix,344,fab_6F_X25Y04,2.0,23.0,286.0,31.0,v2
GW-290,fab_4F_X22Y07,WORK_AREA,work_area,FAB,4F,,POINT,SHORT_STAY,GW-290,1,WORK,medium,2.0,,,False,Y1_SKHynix,290,fab_4F_X22Y07,2.0,7.0,263.0,66.0,v2
GW-345,fab_5F_X09Y06,WORK_AREA,work_area,FAB,5F,,POINT,SHORT_STAY,GW-345,1,WORK,medium,2.0,,,False,Y1_SKHynix,345,fab_5F_X09Y06,2.0,22.0,98.0,51.0,v2
GW-235,fab_1F_X14Y09,WORK_AREA,work_area,FAB,1F,,POINT,SHORT_STAY,GW-235,1,WORK,medium,2.0,,,False,Y1_SKHynix,235,fab_1F_X14Y09,2.0,4.0,157.0,99.0,v2
GW-322,fab_3F_X24Y02,WORK_AREA,work_area,FAB,3F,,POINT,SHORT_STAY,GW-322,1,WORK,medium,2.0,,,False,Y1_SKHynix,322,fab_3F_X24Y02,2.0,21.0,276.0,12.0,v2
GW-327,fab_2F_X16Y14,WORK_AREA,work_area,FAB,2F,,POINT,SHORT_STAY,GW-327,1,WORK,medium,2.0,,,False,Y1_SKHynix,327,fab_2F_X16Y14,2.0,20.0,185.0,168.0,v2
GW-276,fab_4F_X27Y13,WORK_AREA,work_area,FAB,4F,,POINT,SHORT_STAY,GW-276,1,WORK,medium,2.0,,,False,Y1_SKHynix,276,fab_4F_X27Y13,2.0,7.0,323.0,155.0,v2
GW-324,fab_3F_X19Y03,WORK_AREA,work_area,FAB,3F,,POINT,SHORT_STAY,GW-324,1,WORK,medium,2.0,,,False,Y1_SKHynix,324,fab_3F_X19Y03,2.0,21.0,216.0,20.0,v2
GW-194,fab_1F_X28Y06,WORK_AREA,work_area,FAB,1F,,POINT,SHORT_STAY,GW-194,1,WORK,medium,2.0,,,False,Y1_SKHynix,194,fab_1F_X28Y06,2.0,4.0,323.0,54.0,v2
GW-315,fab_5F_X29Y07_호이스트,WORK_AREA,work_area,FAB,5F,,POINT,SHORT_STAY,GW-315,1,WORK,medium,2.0,,,False,Y1_SKHynix,315,fab_5F_X29Y07_호이스트,2.0,22.0,329.0,68.0,v2
GW-348,fab_5F_X24Y09,WORK_AREA,work_area,FAB,5F,,POINT,SHORT_STAY,GW-348,1,WORK,medium,2.0,,,False,Y1_SKHynix,348,fab_5F_X24Y09,2.0,22.0,275.0,97.0,v2
GW-166,wwt_1F_X02Y03,WORK_AREA,work_area,WWT,1F,,POINT,SHORT_STAY,GW-166,1,WORK,medium,2.0,,,False,Y1_SKHynix,166,wwt_1F_X02Y03,1.0,3.0,6.0,136.0,v2
GW-161,wwt_1F_X14Y23,WORK_AREA,work_area,WWT,1F,,POINT,SHORT_STAY,GW-161,1,WORK,medium,2.0,,,False,Y1_SKHynix,161,wwt_1F_X14Y23,1.0,3.0,76.0,12.0,v2
GW-266,wwt_2F_X10Y23,WORK_AREA,work_area,WWT,2F,,POINT,SHORT_STAY,GW-266,1,WORK,medium,2.0,,,False,Y1_SKHynix,266,wwt_2F_X10Y23,1.0,10.0,52.0,12.0,v2
GW-224,wwt_2F_X10Y18,WORK_AREA,work_area,WWT,2F,,POINT,SHORT_STAY,GW-224,1,WORK,medium,2.0,,,False,Y1_SKHynix,224,wwt_2F_X10Y18,1.0,10.0,52.0,43.0,v2
GW-270,wwt_2F_X10Y08,WORK_AREA,work_area,WWT,2F,,POINT,SHORT_STAY,GW-270,1,WORK,medium,2.0,,,False,Y1_SKHynix,270,wwt_2F_X10Y08,1.0,10.0,52.0,105.0,v2
GW-182,wwt_호이스트_1-0,WORK_AREA,work_area,WWT,1F,,POINT,SHORT_STAY,GW-182,1,WORK,medium,2.0,,,False,Y1_SKHynix,182,wwt_호이스트_1-0,1.0,3.0,7.0,18.0,v2
GW-180,wwt_B1F_X16Y08,WORK_AREA,work_area,WWT,B1F,,POINT,SHORT_STAY,GW-180,1,WORK,medium,2.0,,,False,Y1_SKHynix,180,wwt_B1F_X16Y08,1.0,2.0,89.0,106.0,v2
GW-222,wwt_2F_X09Y13,WORK_AREA,work_area,WWT,2F,,POINT,SHORT_STAY,GW-222,1,WORK,medium,2.0,,,False,Y1_SKHynix,222,wwt_2F_X09Y13,1.0,10.0,47.0,75.0,v2
GW-271,wwt_2F_X03Y08,WORK_AREA,work_area,WWT,2F,,POINT,SHORT_STAY,GW-271,1,WORK,medium,2.0,,,False,Y1_SKHynix,271,wwt_2F_X03Y08,1.0,10.0,12.0,105.0,v2
GW-159,wwt_1F_X03Y13,WORK_AREA,work_area,WWT,1F,,POINT,SHORT_STAY,GW-159,1,WORK,medium,2.0,,,False,Y1_SKHynix,159,wwt_1F_X03Y13,1.0,3.0,11.0,75.0,v2
GW-268,wwt_2F_X03Y13,WORK_AREA,work_area,WWT,2F,,POINT,SHORT_STAY,GW-268,1,WORK,medium,2.0,,,False,Y1_SKHynix,268,wwt_2F_X03Y13,1.0,10.0,12.0,75.0,v2
GW-219,wwt_2F_X14Y21,WORK_AREA,work_area,WWT,2F,,POINT,SHORT_STAY,GW-219,1,WORK,medium,2.0,,,False,Y1_SKHynix,219,wwt_2F_X14Y21,1.0,10.0,76.0,25.0,v2
GW-175,wwt_B1F_X09Y21,WORK_AREA,work_area,WWT,B1F,,POINT,SHORT_STAY,GW-175,1,WORK,medium,2.0,,,False,Y1_SKHynix,175,wwt_B1F_X09Y21,1.0,2.0,46.0,25.0,v2
GW-223,wwt_2F_X04Y04,WORK_AREA,work_area,WWT,2F,,POINT,SHORT_STAY,GW-223,1,WORK,medium,2.0,,,False,Y1_SKHynix,223,wwt_2F_X04Y04,1.0,10.0,17.0,130.0,v2
GW-281,wwt_2F_X01Y21_호이스트,WORK_AREA,work_area,WWT,2F,,POINT,SHORT_STAY,GW-281,1,WORK,medium,2.0,,,False,Y1_SKHynix,281,wwt_2F_X01Y21_호이스트,1.0,10.0,1.0,25.0,v2
GW-171,wwt_B1F_X03Y07,WORK_AREA,work_area,WWT,B1F,,POINT,SHORT_STAY,GW-171,1,WORK,medium,2.0,,,False,Y1_SKHynix,171,wwt_B1F_X03Y07,1.0,2.0,11.0,111.0,v2
GW-269,wwt_2F_X12Y18,WORK_AREA,work_area,WWT,2F,,POINT,SHORT_STAY,GW-269,1,WORK,medium,2.0,,,False,Y1_SKHynix,269,wwt_2F_X12Y18,1.0,10.0,65.0,43.0,v2
GW-153,wwt_1F_X03Y22,WORK_AREA,work_area,WWT,1F,,POINT,SHORT_STAY,GW-153,1,WORK,medium,2.0,,,False,Y1_SKHynix,153,wwt_1F_X03Y22,1.0,3.0,11.0,18.0,v2
GW-168,wwt_B1F_X09Y17,WORK_AREA,work_area,WWT,B1F,,POINT,SHORT_STAY,GW-168,1,WORK,medium,2.0,,,False,Y1_SKHynix,168,wwt_B1F_X09Y17,1.0,2.0,46.0,49.0,v2
GW-155,wwt_1F_X10Y04,WORK_AREA,work_area,WWT,1F,,POINT,SHORT_STAY,GW-155,1,WORK,medium,2.0,,,False,Y1_SKHynix,155,wwt_1F_X10Y04,1.0,3.0,52.0,130.0,v2
GW-158,wwt_1F_X10Y09,WORK_AREA,work_area,WWT,1F,,POINT,SHORT_STAY,GW-158,1,WORK,medium,2.0,,,False,Y1_SKHynix,158,wwt_1F_X10Y09,1.0,3.0,52.0,101.0,v2
GW-264,wwt_2F_X10Y03,WORK_AREA,work_area,WWT,2F,,POINT,SHORT_STAY,GW-264,1,WORK,medium,2.0,,,False,Y1_SKHynix,264,wwt_2F_X10Y03,1.0,10.0,52.0,137.0,v2
GW-178,wwt_B1F_X16Y23,WORK_AREA,work_area,WWT,B1F,,POINT,SHORT_STAY,GW-178,1,WORK,medium,2.0,,,False,Y1_SKHynix,178,wwt_B1F_X16Y23,1.0,2.0,89.0,12.0,v2
GW-156,wwt_1F_X03Y18,WORK_AREA,work_area,WWT,1F,,POINT,SHORT_STAY,GW-156,1,WORK,medium,2.0,,,False,Y1_SKHynix,156,wwt_1F_X03Y18,1.0,3.0,11.0,44.0,v2
GW-167,wwt_B1F_X17Y05,WORK_AREA,work_area,WWT,B1F,,POINT,SHORT_STAY,GW-167,1,WORK,medium,2.0,,,False,Y1_SKHynix,167,wwt_B1F_X17Y05,1.0,2.0,94.0,124.0,v2
GW-160,wwt_1F_X10Y18,WORK_AREA,work_area,WWT,1F,,POINT,SHORT_STAY,GW-160,1,WORK,medium,2.0,,,False,Y1_SKHynix,160,wwt_1F_X10Y18,1.0,3.0,52.0,43.0,v2
GW-267,wwt_2F_X13Y07,WORK_AREA,work_area,WWT,2F,,POINT,SHORT_STAY,GW-267,1,WORK,medium,2.0,,,False,Y1_SKHynix,267,wwt_2F_X13Y07,1.0,10.0,71.0,112.0,v2
GW-221,wwt_2F_X11Y13_휴게실,REST_AREA,work_area,WWT,2F,,POINT,SHORT_STAY,GW-221,1,REST,medium,2.0,,,False,Y1_SKHynix,221,wwt_2F_X11Y13_휴게실,1.0,10.0,59.0,75.0,v2
GW-165,wwt_1F_X09Y13,WORK_AREA,work_area,WWT,1F,,POINT,SHORT_STAY,GW-165,1,WORK,medium,2.0,,,False,Y1_SKHynix,165,wwt_1F_X09Y13,1.0,3.0,46.0,75.0,v2
GW-164,wwt_1F_X14Y18,WORK_AREA,work_area,WWT,1F,,POINT,SHORT_STAY,GW-164,1,WORK,medium,2.0,,,False,Y1_SKHynix,164,wwt_1F_X14Y18,1.0,3.0,76.0,43.0,v2
GW-152,wwt_1F_X10Y23,WORK_AREA,work_area,WWT,1F,,POINT,SHORT_STAY,GW-152,1,WORK,medium,2.0,,,False,Y1_SKHynix,152,wwt_1F_X10Y23,1.0,3.0,52.0,12.0,v2
GW-263,wwt_2F_X03Y17,WORK_AREA,work_area,WWT,2F,,POINT,SHORT_STAY,GW-263,1,WORK,medium,2.0,,,False,Y1_SKHynix,263,wwt_2F_X03Y17,1.0,10.0,12.0,49.0,v2
GW-174,wwt_B1F_X12Y08,WORK_AREA,work_area,WWT,B1F,,POINT,SHORT_STAY,GW-174,1,WORK,medium,2.0,,,False,Y1_SKHynix,174,wwt_B1F_X12Y08,1.0,2.0,65.0,106.0,v2
GW-181,wwt_B1F_X04Y11,WORK_AREA,work_area,WWT,B1F,,POINT,SHORT_STAY,GW-181,1,WORK,medium,2.0,,,False,Y1_SKHynix,181,wwt_B1F_X04Y11,1.0,2.0,13.0,88.0,v2
GW-169,wwt_B1F_X17Y13,WORK_AREA,work_area,WWT,B1F,,POINT,SHORT_STAY,GW-169,1,WORK,medium,2.0,,,False,Y1_SKHynix,169,wwt_B1F_X17Y13,1.0,2.0,94.0,75.0,v2
GW-154,wwt_1F_X03Y08,WORK_AREA,work_area,WWT,1F,,POINT,SHORT_STAY,GW-154,1,WORK,medium,2.0,,,False,Y1_SKHynix,154,wwt_1F_X03Y08,1.0,3.0,11.0,105.0,v2
GW-176,wwt_B1F_X15Y16,WORK_AREA,work_area,WWT,B1F,,POINT,SHORT_STAY,GW-176,1,WORK,medium,2.0,,,False,Y1_SKHynix,176,wwt_B1F_X15Y16,1.0,2.0,83.0,55.0,v2
GW-265,wwt_2F_X14Y12,WORK_AREA,work_area,WWT,2F,,POINT,SHORT_STAY,GW-265,1,WORK,medium,2.0,,,False,Y1_SKHynix,265,wwt_2F_X14Y12,1.0,10.0,76.0,82.0,v2
GW-163,wwt_1F_X14Y05,WORK_AREA,work_area,WWT,1F,,POINT,SHORT_STAY,GW-163,1,WORK,medium,2.0,,,False,Y1_SKHynix,163,wwt_1F_X14Y05,1.0,3.0,76.0,124.0,v2
GW-162,wwt_1F_X14Y13,WORK_AREA,work_area,WWT,1F,,POINT,SHORT_STAY,GW-162,1,WORK,medium,2.0,,,False,Y1_SKHynix,162,wwt_1F_X14Y13,1.0,3.0,76.0,75.0,v2
GW-157,wwt_1F_X13Y07,WORK_AREA,work_area,WWT,1F,,POINT,SHORT_STAY,GW-157,1,WORK,medium,2.0,,,False,Y1_SKHynix,157,wwt_1F_X13Y07,1.0,3.0,71.0,111.0,v2
GW-356,비상발전기동_2F,WORK_AREA,work_area,비상발전기동,2F,,POINT,SHORT_STAY,GW-356,1,WORK,medium,2.0,,,False,Y1_SKHynix,356,비상발전기동_2F,11.0,32.0,24.0,3.0,v2
GW-311,비상발전기동_1F_x:04,WORK_AREA,work_area,비상발전기동,1F,,POINT,SHORT_STAY,GW-311,1,WORK,medium,2.0,,,False,Y1_SKHynix,311,비상발전기동_1F_x:04,11.0,31.0,24.0,3.0,v2
GW-220,upw_1F_X11Y02,TRANSIT,work_area,저수조,1F,,POINT,SHORT_STAY,GW-220,1,MOVE,medium,2.0,,,False,Y1_SKHynix,220,upw_1F_X11Y02,4.0,8.0,13.0,60.0,v2
GW-383,bl_1BL_1F_X07Y04,TRANSIT,work_area,지원_1BL,1F,,POINT,SHORT_STAY,GW-383,1,MOVE,medium,2.0,,,False,Y1_SKHynix,383,bl_1BL_1F_X07Y04,12.0,44.0,24.0,66.0,v2
GW-382,bl_1BL_2F_X07Y04,TRANSIT,work_area,지원_1BL,2F,,POINT,SHORT_STAY,GW-382,1,MOVE,medium,2.0,,,False,Y1_SKHynix,382,bl_1BL_2F_X07Y04,12.0,45.0,30.0,65.0,v2
GW-251,bl_1BL_B2F_타워크레인_FAB_1-3,TRANSIT,work_area,지원_1BL,B2F,,POINT,SHORT_STAY,GW-251,1,MOVE,medium,2.0,,,False,Y1_SKHynix,251,bl_1BL_B2F_타워크레인_FAB_1-3,12.0,42.0,101.0,65.0,v2
GW-374,bl_1BL_B1F_X12Y09,TRANSIT,work_area,지원_1BL,B1F,,POINT,SHORT_STAY,GW-374,1,MOVE,medium,2.0,,,False,Y1_SKHynix,374,bl_1BL_B1F_X12Y09,12.0,43.0,76.0,21.0,v2
GW-381,bl_1BL_2F_X07Y11,TRANSIT,work_area,지원_1BL,2F,,POINT,SHORT_STAY,GW-381,1,MOVE,medium,2.0,,,False,Y1_SKHynix,381,bl_1BL_2F_X07Y11,12.0,45.0,84.0,67.0,v2
GW-250,bl_1BL_B1F_1층초입,TRANSIT,work_area,지원_1BL,B1F,,POINT,SHORT_STAY,GW-250,1,MOVE,medium,2.0,,,False,Y1_SKHynix,250,bl_1BL_B1F_1층초입,12.0,43.0,33.0,17.0,v2
GW-396,bl_1BL_1F_X12Y08,TRANSIT,work_area,지원_1BL,1F,,POINT,SHORT_STAY,GW-396,1,MOVE,medium,2.0,,,False,Y1_SKHynix,396,bl_1BL_1F_X12Y08,12.0,44.0,89.0,23.0,v2
GW-373,bl_1BL_B1F_X07Y15,TRANSIT,work_area,지원_1BL,B1F,,POINT,SHORT_STAY,GW-373,1,MOVE,medium,2.0,,,False,Y1_SKHynix,373,bl_1BL_B1F_X07Y15,12.0,43.0,128.0,52.0,v2
GW-394,bl_1BL_1F_X07Y22,TRANSIT,work_area,지원_1BL,1F,,POINT,SHORT_STAY,GW-394,1,MOVE,medium,2.0,,,False,Y1_SKHynix,394,bl_1BL_1F_X07Y22,12.0,44.0,206.0,66.0,v2
GW-395,bl_1BL_1F_X07Y17,TRANSIT,work_area,지원_1BL,1F,,POINT,SHORT_STAY,GW-395,1,MOVE,medium,2.0,,,False,Y1_SKHynix,395,bl_1BL_1F_X07Y17,12.0,44.0,148.0,65.0,v2
GW-318,bl_2BL_비계_x34_망실,TRANSIT,work_area,지원_2BL,B2F,,POINT,SHORT_STAY,GW-318,1,MOVE,medium,2.0,,,False,Y1_SKHynix,318,bl_2BL_비계_x34_망실,13.0,46.0,140.0,802.0,v2
GW-385,bl_2BL_B1F_X28Y10,TRANSIT,work_area,지원_2BL,B1F,,POINT,SHORT_STAY,GW-385,1,MOVE,medium,2.0,,,False,Y1_SKHynix,385,bl_2BL_B1F_X28Y10,13.0,47.0,87.0,139.0,v2
GW-242,bl_2BL_B2F_인동선_X44,TRANSIT,work_area,지원_2BL,B2F,,POINT,SHORT_STAY,GW-242,1,MOVE,medium,2.0,,,False,Y1_SKHynix,242,bl_2BL_B2F_인동선_X44,13.0,46.0,41.0,14.0,v2
GW-372,bl_2BL_B1F_X21Y10,TRANSIT,work_area,지원_2BL,B1F,,POINT,SHORT_STAY,GW-372,1,MOVE,medium,2.0,,,False,Y1_SKHynix,372,bl_2BL_B1F_X21Y10,13.0,47.0,88.0,196.0,v2
GW-390,bl_2BL_1F_X40Y11,TRANSIT,work_area,지원_2BL,1F,,POINT,SHORT_STAY,GW-390,1,MOVE,medium,2.0,,,False,Y1_SKHynix,390,bl_2BL_1F_X40Y11,13.0,48.0,92.0,56.0,v2
GW-397,bl_2BL_1F_X24Y11,TRANSIT,work_area,지원_2BL,1F,,POINT,SHORT_STAY,GW-397,1,MOVE,medium,2.0,,,False,Y1_SKHynix,397,bl_2BL_1F_X24Y11,13.0,48.0,92.0,180.0,v2
GW-376,bl_2BL_B1F_X43Y10,TRANSIT,work_area,지원_2BL,B1F,,POINT,SHORT_STAY,GW-376,1,MOVE,medium,2.0,,,False,Y1_SKHynix,376,bl_2BL_B1F_X43Y10,13.0,47.0,86.0,26.0,v2
GW-384,bl_2BL_B1F_X37Y08,TRANSIT,work_area,지원_2BL,B1F,,POINT,SHORT_STAY,GW-384,1,MOVE,medium,2.0,,,False,Y1_SKHynix,384,bl_2BL_B1F_X37Y08,13.0,47.0,69.0,70.0,v2
GW-398,bl_2BL_1F_X31Y11,TRANSIT,work_area,지원_2BL,1F,,POINT,SHORT_STAY,GW-398,1,MOVE,medium,2.0,,,False,Y1_SKHynix,398,bl_2BL_1F_X31Y11,13.0,48.0,92.0,125.0,v2
GW-247,bl_3BL_B2F_인동선_X69,TRANSIT,work_area,지원_3BL,B2F,,POINT,SHORT_STAY,GW-247,1,MOVE,medium,2.0,,,False,Y1_SKHynix,247,bl_3BL_B2F_인동선_X69,14.0,50.0,48.0,83.0,v2
GW-245,bl_3BL_B2F_타워크레인_FAB_3-6_X47,TRANSIT,work_area,지원_3BL,B2F,,POINT,SHORT_STAY,GW-245,1,MOVE,medium,2.0,,,False,Y1_SKHynix,245,bl_3BL_B2F_타워크레인_FAB_3-6_X47,14.0,50.0,31.0,277.0,v2
GW-379,bl_3BL_B1F_X54Y09,TRANSIT,work_area,지원_3BL,B1F,,POINT,SHORT_STAY,GW-379,1,MOVE,medium,2.0,,,False,Y1_SKHynix,379,bl_3BL_B1F_X54Y09,14.0,51.0,74.0,211.0,v2
GW-391,bl_3BL_1F_X61Y11,TRANSIT,work_area,지원_3BL,1F,,POINT,SHORT_STAY,GW-391,1,MOVE,medium,2.0,,,False,Y1_SKHynix,391,bl_3BL_1F_X61Y11,14.0,52.0,93.0,128.0,v2
GW-377,bl_3BL_B1F_X69Y09_휴게실,REST_AREA,work_area,지원_3BL,B1F,,POINT,SHORT_STAY,GW-377,1,REST,medium,2.0,,,False,Y1_SKHynix,377,bl_3BL_B1F_X69Y09_휴게실,14.0,51.0,75.0,72.0,v2
GW-278,bl_2BL_인동선_X17_망실,TRANSIT,work_area,지원_3BL,B2F,,POINT,SHORT_STAY,GW-278,1,MOVE,medium,2.0,,,False,Y1_SKHynix,278,bl_2BL_인동선_X17_망실,14.0,50.0,87.0,917.0,v2
GW-378,bl_3BL_B1F_X63Y09,TRANSIT,work_area,지원_3BL,B1F,,POINT,SHORT_STAY,GW-378,1,MOVE,medium,2.0,,,False,Y1_SKHynix,378,bl_3BL_B1F_X63Y09,14.0,51.0,75.0,128.0,v2
GW-393,bl_3BL_1F_X49Y11,TRANSIT,work_area,지원_3BL,1F,,POINT,SHORT_STAY,GW-393,1,MOVE,medium,2.0,,,False,Y1_SKHynix,393,bl_3BL_1F_X49Y11,14.0,52.0,93.0,242.0,v2
GW-147,bl_3BL_B2F_타워크레인_FAB_3-2_X58,TRANSIT,work_area,지원_3BL,B2F,,POINT,SHORT_STAY,GW-147,1,MOVE,medium,2.0,,,False,Y1_SKHynix,147,bl_3BL_B2F_타워크레인_FAB_3-2_X58,14.0,50.0,78.0,184.0,v2
GW-365,fab_클라이머_1-0,WORK_AREA,work_area,,,,POINT,SHORT_STAY,GW-365,1,WORK,medium,2.0,,,False,Y1_SKHynix,365,fab_클라이머_1-0,,,540.0,870.0,v2
GW-259,본진_B동앞_보호구_걸이대,TRANSIT,work_area,,,,POINT,SHORT_STAY,GW-259,1,MOVE,medium,2.0,,,False,Y1_SKHynix,259,본진_B동앞_보호구_걸이대,,,539.0,510.0,v2
GW-236,본진_정문_진입_타각기,GATE,gate,,,,POINT,SHORT_STAY,GW-236,1,ACCESS,medium,2.0,,,False,Y1_SKHynix,236,본진_정문_진입_타각기,,,412.0,516.0,v2
GW-280,bl_4_물류순환센터_크레인_방향계단,TRANSIT,vertical,,,,POINT,SHORT_STAY,GW-280,1,MOVE,medium,2.0,,,False,Y1_SKHynix,280,bl_4_물류순환센터_크레인_방향계단,,,756.0,513.0,v2
GW-262,bl_4_타워크레인_4-1,TRANSIT,work_area,,,,POINT,SHORT_STAY,GW-262,1,MOVE,medium,2.0,,,False,Y1_SKHynix,262,bl_4_타워크레인_4-1,,,756.0,574.0,v2
GW-132,본진_타각기_출구_4번,GATE,gate,,,,POINT,SHORT_STAY,GW-132,1,ACCESS,medium,2.0,,,False,Y1_SKHynix,132,본진_타각기_출구_4번,,,643.0,530.0,v2
GW-363,fab_호이스트_1-4,WORK_AREA,work_area,,,,POINT,SHORT_STAY,GW-363,1,WORK,medium,2.0,,,False,Y1_SKHynix,363,fab_호이스트_1-4,,,530.0,854.0,v2
GW-360,fab_클라이머_1-1,WORK_AREA,work_area,,,,POINT,SHORT_STAY,GW-360,1,WORK,medium,2.0,,,False,Y1_SKHynix,360,fab_클라이머_1-1,,,530.0,868.0,v2
GW-179,wwt_호이스트_1-2,WORK_AREA,work_area,,,,POINT,SHORT_STAY,GW-179,1,WORK,medium,2.0,,,False,Y1_SKHynix,179,wwt_호이스트_1-2,,,879.0,843.0,v2
GW-248,bl_4_중앙 휴계실,REST_AREA,work_area,,,,POINT,SHORT_STAY,GW-248,1,REST,medium,2.0,,,False,Y1_SKHynix,248,bl_4_중앙 휴계실,,,882.0,587.0,v2
GW-256,안전교육장_중,TRANSIT,work_area,,,,POINT,SHORT_STAY,GW-256,1,MOVE,medium,2.0,,,False,Y1_SKHynix,256,안전교육장_중,,,755.0,387.0,v2
GW-252,본진_통합관제실_입구,TRANSIT,gate,,,,POINT,SHORT_STAY,GW-252,1,MOVE,medium,2.0,,,False,Y1_SKHynix,252,본진_통합관제실_입구,,,276.0,469.0,v2
GW-246,bl_타각기 입구,GATE,gate,,,,POINT,SHORT_STAY,GW-246,1,ACCESS,medium,2.0,,,False,Y1_SKHynix,246,bl_타각기 입구,,,119.0,209.0,v2
GW-148,본진_타각기_출구_1번,GATE,gate,,,,POINT,SHORT_STAY,GW-148,1,ACCESS,medium,2.0,,,False,Y1_SKHynix,148,본진_타각기_출구_1번,,,605.0,530.0,v2
GW-136,wwt_펌프장,WORK_AREA,work_area,,,,POINT,SHORT_STAY,GW-136,1,WORK,medium,2.0,,,False,Y1_SKHynix,136,wwt_펌프장,,,985.0,809.0,v2
GW-244,bl_4_타각기,GATE,work_area,,,,POINT,SHORT_STAY,GW-244,1,ACCESS,medium,2.0,,,False,Y1_SKHynix,244,bl_4_타각기,,,848.0,660.0,v2
GW-135,bl_4_동측_보세창고_화장실,REST_AREA,work_area,,,,POINT,SHORT_STAY,GW-135,1,REST,medium,2.0,,,False,Y1_SKHynix,135,bl_4_동측_보세창고_화장실,,,1083.0,922.0,v2
GW-134,cub_호이스트_1-2,WORK_AREA,work_area,,,,POINT,SHORT_STAY,GW-134,1,WORK,medium,2.0,,,False,Y1_SKHynix,134,cub_호이스트_1-2,,,225.0,684.0,v2
GW-313,cub_클라이머,WORK_AREA,work_area,,,,POINT,SHORT_STAY,GW-313,1,WORK,medium,2.0,,,False,Y1_SKHynix,313,cub_클라이머,,,474.0,707.0,v2
GW-314,fab_호이스트_1-0,WORK_AREA,work_area,,,,POINT,SHORT_STAY,GW-314,1,WORK,medium,2.0,,,False,Y1_SKHynix,314,fab_호이스트_1-0,,,539.0,835.0,v2
GW-233,본진_타각기_입구_2번_철거,GATE,gate,,,,POINT,SHORT_STAY,GW-233,1,ACCESS,medium,2.0,,,False,Y1_SKHynix,233,본진_타각기_입구_2번_철거,,,618.0,510.0,v2
GW-369,fab_호이스트_1-2,WORK_AREA,work_area,,,,POINT,SHORT_STAY,GW-369,1,WORK,medium,2.0,,,False,Y1_SKHynix,369,fab_호이스트_1-2,,,530.0,839.0,v2
GW-254,cub_호이스트_1-1,WORK_AREA,work_area,,,,POINT,SHORT_STAY,GW-254,1,WORK,medium,2.0,,,False,Y1_SKHynix,254,cub_호이스트_1-1,,,225.0,710.0,v2
GW-184,wwt_호이스트_1-1,WORK_AREA,work_area,,,,POINT,SHORT_STAY,GW-184,1,WORK,medium,2.0,,,False,Y1_SKHynix,184,wwt_호이스트_1-1,,,879.0,866.0,v2
GW-364,fab_호이스트_1-3,WORK_AREA,work_area,,,,POINT,SHORT_STAY,GW-364,1,WORK,medium,2.0,,,False,Y1_SKHynix,364,fab_호이스트_1-3,,,530.0,845.0,v2
GW-258,본진_타각기_보호구_걸이대,GATE,work_area,,,,POINT,SHORT_STAY,GW-258,1,ACCESS,medium,2.0,,,False,Y1_SKHynix,258,본진_타각기_보호구_걸이대,,,570.0,522.0,v2
GW-308,bl_4_컨테이너,TRANSIT,work_area,,,,POINT,SHORT_STAY,GW-308,1,MOVE,medium,2.0,,,False,Y1_SKHynix,308,bl_4_컨테이너,,,805.0,614.0,v2
GW-229,6Gate,TRANSIT,gate,,,,POINT,SHORT_STAY,GW-229,1,MOVE,medium,2.0,,,False,Y1_SKHynix,229,6Gate,,,1029.0,751.0,v2
GW-149,본진_타각기_입구_4번_철거,GATE,gate,,,,POINT,SHORT_STAY,GW-149,1,ACCESS,medium,2.0,,,False,Y1_SKHynix,149,본진_타각기_입구_4번_철거,,,643.0,510.0,v2
GW-133,본진_타각기_출구_2번,GATE,gate,,,,POINT,SHORT_STAY,GW-133,1,ACCESS,medium,2.0,,,False,Y1_SKHynix,133,본진_타각기_출구_2번,,,618.0,530.0,v2
GW-225,본진_내부_남자휴게실,REST_AREA,work_area,,,,POINT,SHORT_STAY,GW-225,1,REST,medium,2.0,,,False,Y1_SKHynix,225,본진_내부_남자휴게실,,,440.0,420.0,v2
GW-358,fab_호이스트_1-1,WORK_AREA,work_area,,,,POINT,SHORT_STAY,GW-358,1,WORK,medium,2.0,,,False,Y1_SKHynix,358,fab_호이스트_1-1,,,530.0,830.0,v2
GW-257,본진_타각기_앞_흡연실,REST_AREA,work_area,,,,POINT,SHORT_STAY,GW-257,1,REST,medium,2.0,,,False,Y1_SKHynix,257,본진_타각기_앞_흡연실,,,670.0,535.0,v2
GW-249,bl_TK가시설_초입,TRANSIT,work_area,,,,POINT,SHORT_STAY,GW-249,1,MOVE,medium,2.0,,,False,Y1_SKHynix,249,bl_TK가시설_초입,,,58.0,414.0,v2
GW-232,본진_타각기_출구_3번,GATE,gate,,,,POINT,SHORT_STAY,GW-232,1,ACCESS,medium,2.0,,,False,Y1_SKHynix,232,본진_타각기_출구_3번,,,631.0,530.0,v2
GW-309,bl_4_물류순환센터_입구,TRANSIT,gate,,,,POINT,SHORT_STAY,GW-309,1,MOVE,medium,2.0,,,False,Y1_SKHynix,309,bl_4_물류순환센터_입구,,,803.0,532.0,v2
GW-227,본진_타각기_입구_3번_철거,GATE,gate,,,,POINT,SHORT_STAY,GW-227,1,ACCESS,medium,2.0,,,False,Y1_SKHynix,227,본진_타각기_입구_3번_철거,,,631.0,510.0,v2
GW-255,본진_B동_후면_타각기,GATE,work_area,,,,POINT,SHORT_STAY,GW-255,1,ACCESS,medium,2.0,,,False,Y1_SKHynix,255,본진_B동_후면_타각기,,,531.0,421.0,v2
GW-231,154kV_휴게실,REST_AREA,work_area,,,,POINT,SHORT_STAY,GW-231,1,REST,medium,2.0,,,False,Y1_SKHynix,231,154kV_휴게실,,,378.0,539.0,v2
